{"Sun": {"x": -1086271.555994111, "y": -563951.0905494264, "z": 30267.90104452762, "vx": 0.01014103301779187, "vy": -0.01039892189688838, "vz": -0.0001355358388457064}, "Mercury": {"x": 21021797.84980414, "y": -63586836.70035659, "z": -7147857.443027679, "vx": 36.21504702869242, "vy": 18.57973514679718, "vz": -1.801761277025284}, "Venus": {"x": 86204863.3113227, "y": 63362933.43939135, "z": -4128555.929470565, "vx": -20.78790108485993, "vy": 28.09401611563524, "vz": 1.5859037382404}, "Earth": {"x": -95302882.3596861, "y": -118725412.0541495, "z": 37010.07105959207, "vx": 22.82891070815458, "vy": -18.69290749809728, "vz": 0.0006418295183792111}, "Mars": {"x": 191038747.8632303, "y": -76500902.92452861, "z": -6273706.558898021, "vx": 9.838853935271374, "vy": 24.59204536086985, "vz": 0.2743841641681559}, "Jupiter": {"x": 403326453.2099543, "y": 631074851.8638453, "z": -11641549.11587349, "vx": -11.15279901888469, "vy": 7.65751791856075, "vz": 0.2178544499173722}, "Saturn": {"x": 1376765418.438868, "y": -453319648.2628522, "z": -46933571.25538236, "vx": 2.483364742591259, "vy": 9.156461787173722, "vz": -0.2585264868831914}, "Uranus": {"x": 1772731066.491534, "y": 2332626540.330437, "z": -14302624.78705919, "vx": -5.471612193847906, "vy": 3.803069367502865, "vz": 0.0849510656123944}, "Neptune": {"x": 4466133835.099006, "y": -206082274.2039513, "z": -98682744.63297874, "vx": 0.2152323545980185, "vy": 5.461887221620761, "vz": -0.1177793276884884}, "Moon": {"x": -95377182.07949497, "y": -118348582.3298064, "z": 71793.35510902852, "vx": 21.81870302725245, "vy": -18.82681718068514, "vz": 0.01214793287440941}}